,dayofweek,mintemp,maxtemp,rain
9,2,32.0,43.0,0.0
279,6,37.9,57.0,0.52
163,5,71.1,91.0,0.0
225,6,55.9,78.1,0.0
218,6,55.0,91.9,0.0
340,1,32.0,42.1,0.07
198,2,61.0,81.0,0.0
20,1,30.0,37.0,0.0
142,3,71.1,82.4,0.67
189,5,69.1,84.9,0.0
63,7,44.1,66.0,0.0
141,3,72.0,87.1,0.0
8,6,37.0,50.0,0.0
357,5,8.1,25.0,0.0
208,6,61.0,75.9,0.3
154,4,64.9,82.9,0.0
302,3,12.9,32.0,0.0
115,1,66.0,91.0,0.21
244,5,42.1,77.0,4.88
158,7,66.9,82.9,0.0
68,6,51.1,62.1,0.23
108,2,59.0,79.0,0.05
178,2,70.0,84.9,0.0
254,3,45.0,66.9,0.95
157,1,71.1,88.0,0.0
304,2,24.1,37.9,0.48
240,2,50.0,66.9,0.0
277,1,27.0,46.0,0.0
73,4,68.0,86.0,0.0
272,5,41.0,64.0,0.0
216,6,64.0,84.0,0.0
34,1,43.0,52.0,0.0
269,1,37.0,59.0,0.0
291,1,37.0,51.1,0.81
112,5,72.0,89.1,0.66
226,2,53.1,70.0,0.0
350,5,17.1,34.0,0.0
268,5,32.0,60.1,0.0
313,2,39.0,57.0,0.05
321,1,1.0,24.1,0.0
299,7,15.1,37.9,0.0
104,1,64.0,84.9,0.0
185,2,62.1,78.1,0.26
132,1,75.0,89.1,0.12
94,2,55.9,79.0,0.0
6,5,43.0,63.0,0.71
311,1,37.9,55.0,0.0
200,1,68.0,87.1,0.0
141,6,75.9,98.1,0.56
281,4,26.1,48.0,0.0
43,3,28.0,53.1,1.0
149,2,66.0,84.0,0.01
93,3,64.9,82.9,0.0
137,3,78.1,93.0,0.0
251,6,39.0,50.0,0.0
178,4,69.1,96.1,0.57
238,4,51.1,68.0,0.0
309,6,33.1,41.0,0.02
139,1,82.0,97.0,0.0
364,4,21.0,33.1,0.0
156,2,70.0,88.0,0.26
4,1,46.0,62.6,0.14
19,6,30.9,37.9,0.03
268,2,37.0,59.0,0.0
356,1,41.0,59.0,0.63
1,3,28.9,44.1,0.0
51,2,42.1,61.0,0.0
359,2,25.0,53.1,0.17
198,3,62.6,79.0,0.02
197,6,66.0,77.0,0.0
207,1,57.0,73.9,0.0
240,5,46.9,57.9,0.02
291,3,41.0,57.0,0.17
219,3,64.9,86.0,0.0
60,7,45.0,55.0,0.05
157,4,75.0,93.9,0.0
291,7,39.0,57.9,0.0
63,5,51.1,73.9,1.26
196,4,70.0,88.0,0.0
196,7,63.0,86.0,0.0
55,5,48.0,64.0,0.13
214,1,66.0,86.0,0.0
53,7,37.9,52.0,0.0
192,2,69.1,90.0,0.29
308,7,28.0,42.1,0.0
181,1,68.0,82.0,0.0
70,5,57.0,75.9,0.0
117,6,71.1,86.0,0.0
159,6,66.9,82.0,0.0
144,7,66.0,87.1,0.0
230,5,51.1,75.0,0.14
320,6,24.1,39.9,1.75
60,3,44.1,61.0,0.0
204,4,66.0,84.9,0.01
286,6,28.9,42.1,0.0
186,7,68.0,87.1,0.0
276,2,27.0,55.0,0.0
297,2,35.1,54.0,0.02
297,1,35.1,55.9,0.0
78,6,50.0,70.0,0.0
31,4,53.6,62.6,2.23
52,2,46.0,60.1,0.0
282,2,21.9,42.1,0.0
344,3,14.0,46.0,0.0
356,5,9.0,33.1,0.0
340,7,10.9,27.0,0.0
199,4,60.1,87.1,0.0
226,3,55.0,82.0,0.01
54,2,43.0,60.1,0.0
269,2,39.0,62.1,0.0
200,7,62.1,75.9,1.43
316,4,14.0,30.9,0.02
94,1,64.9,84.0,0.0
40,6,28.0,46.0,0.0
93,2,64.9,84.0,0.0
10,2,36.0,55.0,0.0
321,6,9.0,39.9,0.0
194,2,66.0,84.0,0.0
22,6,34.0,45.0,0.0
214,7,55.9,75.9,0.03
0,5,46.0,48.2,0.17
78,4,59.0,73.0,0.0
118,1,66.0,81.0,0.0
38,4,37.0,46.0,0.0
330,3,25.0,42.1,0.81
359,5,26.1,48.0,0.0
256,3,48.9,80.1,0.0
341,7,28.0,39.9,0.66
318,1,21.9,37.0,0.05
277,3,43.0,63.0,0.32
354,3,26.1,45.0,0.0
358,6,32.0,48.0,0.0
323,3,18.0,28.9,0.0
279,1,39.0,54.0,0.0
87,2,51.8,64.9,0.0
117,2,66.0,84.0,0.0
102,3,71.1,84.0,0.47
16,5,23.0,44.1,0.0
201,2,59.0,86.0,0.0
23,2,24.8,34.0,0.03
28,4,35.1,46.9,0.12
83,5,57.9,73.0,0.03
7,4,42.8,54.0,0.08
195,6,64.9,84.9,0.0
318,2,3.9,26.1,0.0
319,3,30.9,57.2,0.49
161,5,71.1,86.0,0.0
89,6,57.0,69.1,0.0
183,4,70.0,84.9,0.35
66,2,48.0,68.0,0.02
301,4,12.9,37.0,0.0
106,4,64.9,87.1,0.0
179,7,64.9,82.9,0.16
281,6,44.1,73.0,0.0
269,4,27.0,48.0,0.0
224,5,53.1,66.0,0.0
147,4,71.1,89.1,0.0
286,5,30.9,53.1,0.99
52,1,37.9,57.0,0.0
146,5,66.9,84.0,0.0
49,4,46.9,66.0,0.0
75,6,61.0,72.0,0.08
169,6,75.0,91.9,0.5
249,1,39.0,61.0,0.0
98,5,59.0,81.0,0.0
72,2,44.1,61.0,0.0
35,7,46.9,55.9,0.01
57,6,55.0,75.0,0.0
110,7,66.0,81.0,0.0
173,2,68.5,82.0,0.0
324,5,23.0,39.9,0.0
243,6,48.9,77.0,0.01
46,7,34.0,43.0,0.03
18,1,53.1,66.0,0.0
56,7,48.0,64.0,0.0
165,7,68.0,82.0,0.0
220,2,55.9,82.9,0.0
233,3,64.0,87.1,0.0
243,2,44.6,61.0,0.15
135,3,77.0,93.0,0.0
103,2,72.0,84.9,0.31
254,2,41.0,63.0,0.0
259,7,44.1,64.9,0.0
156,5,77.0,93.9,0.0
139,6,69.1,88.0,0.0
115,2,66.9,90.0,0.0
143,1,70.0,87.1,0.0
183,3,69.1,88.0,0.0
27,6,44.1,55.9,0.0
329,5,21.0,41.0,0.0
280,7,39.0,73.0,0.07
285,2,33.1,50.0,0.14
43,6,48.0,66.9,0.0
301,7,30.0,42.1,0.04
293,6,30.9,46.9,0.0
265,6,39.2,57.2,0.25
306,6,10.0,33.1,0.0
71,6,63.0,73.0,0.0
74,7,60.1,72.0,0.0
296,3,33.1,54.0,0.11
138,7,71.1,91.9,0.0
77,4,64.0,78.1,0.0
188,6,69.1,84.9,0.0
287,5,28.0,42.1,0.0
328,1,32.0,46.0,0.0
150,4,68.0,81.0,0.0
19,7,48.9,66.0,0.0
107,3,59.0,84.0,0.0
62,1,60.1,78.1,0.0
58,2,41.0,62.1,0.0
196,5,64.4,69.8,0.0
117,7,66.9,84.0,0.0
112,7,75.9,93.0,0.05
15,4,45.0,64.0,0.11
92,6,60.1,66.9,0.0
302,4,24.1,46.9,0.73
133,5,75.9,87.1,0.0
250,2,48.0,68.0,0.0
325,1,21.0,28.9,0.0
266,4,43.0,64.9,0.01
314,6,3.0,27.0,0.0
99,4,59.0,79.0,0.0
108,4,68.0,91.9,0.0
135,5,75.0,88.0,0.02
249,7,44.6,64.0,0.7
69,1,48.0,64.0,0.07
25,7,34.0,48.9,0.7
175,7,66.0,86.0,0.01
274,3,36.0,59.0,0.02
114,3,71.1,95.0,0.0
281,3,21.9,37.9,0.0
55,1,48.0,64.0,0.0
347,1,17.1,41.0,0.0
346,2,28.9,43.0,1.98
194,6,66.0,80.1,0.0
48,5,39.9,66.0,0.0
342,5,7.0,21.0,0.0
30,3,44.1,53.6,0.13
46,1,42.1,59.0,0.0
27,5,37.9,46.9,0.09
242,1,48.0,75.9,0.0
296,5,64.0,78.1,0.0
58,3,51.1,73.0,0.0
341,6,8.1,21.0,0.0
84,7,60.1,77.0,0.0
170,5,73.0,91.0,0.0
84,5,59.0,73.0,0.0
248,2,45.0,61.0,0.0
250,7,39.0,60.1,0.0
294,5,37.0,60.1,0.02
165,1,72.0,93.9,0.18
357,7,34.0,48.0,0.0
337,4,17.1,34.0,0.01
181,5,72.0,91.0,0.65
153,1,75.0,84.0,0.18
16,2,37.0,48.9,0.0
70,4,52.0,68.0,0.35
244,1,46.9,63.0,0.0
85,4,55.0,73.0,0.0
21,5,39.0,61.0,0.0
287,4,27.0,45.0,0.0
107,2,55.0,73.0,0.0
217,5,66.9,84.0,0.02
253,3,41.0,66.0,0.0
77,5,52.0,68.0,0.0
51,3,46.0,60.1,0.0
215,7,64.0,82.9,0.0
275,5,39.0,70.0,0.0
271,2,35.1,50.0,0.11
232,6,55.9,78.1,0.0
264,7,51.1,57.2,0.24
324,2,21.0,28.9,0.1
285,7,28.9,46.9,0.29
351,6,24.1,52.0,0.0
171,4,71.1,86.0,0.0
245,7,46.9,63.0,0.02
121,5,73.0,90.0,0.03
65,3,46.0,59.0,0.0
266,5,37.0,46.0,0.0
257,2,48.0,80.1,0.0
180,6,64.9,89.1,0.71
343,4,7.0,32.0,0.25
216,5,51.1,63.0,0.0
138,2,78.1,98.1,0.01
304,4,36.0,55.9,0.17
334,7,12.9,37.0,0.01
246,4,51.1,75.9,0.0
266,7,37.4,46.9,0.0
222,7,50.0,75.0,0.0
229,2,44.1,68.0,0.0
246,3,44.1,64.0,0.0
125,6,66.0,82.9,0.0
321,5,14.0,36.0,0.18
345,2,25.0,46.0,0.0
245,4,42.1,51.1,0.55
91,4,60.8,66.2,0.04
260,4,51.1,70.0,0.0
234,4,51.1,73.9,0.0
298,7,26.1,55.9,0.0
303,2,19.9,39.0,0.01
362,6,10.9,32.0,0.3
246,6,48.0,59.0,0.0
300,5,16.0,37.0,0.0
365,6,39.0,50.0,0.03
168,5,64.0,81.0,0.01
136,2,77.0,93.0,0.0
333,3,37.9,59.0,0.0
3,2,39.0,62.1,0.02
283,1,35.1,63.0,0.0
294,4,39.0,64.9,0.0
111,6,66.0,81.0,0.52
302,6,27.0,42.1,0.04
5,6,39.9,63.0,0.07
147,5,64.9,88.0,0.0
206,2,57.0,77.0,0.0
335,1,30.0,55.9,0.0
308,4,24.1,33.1,0.0
71,4,48.9,75.9,0.0
155,6,71.1,93.9,0.89
142,2,71.1,87.1,0.0
298,1,35.1,48.0,0.0
306,7,15.1,30.0,0.0
322,5,21.9,39.9,0.0
320,7,9.0,32.0,0.0
44,3,41.0,68.0,0.0
139,5,64.0,86.0,0.15
128,5,71.1,89.1,0.0
118,5,71.1,86.0,0.0
332,4,37.9,57.0,0.0
355,2,30.9,59.0,0.79
113,4,75.2,88.0,0.0
234,2,57.0,82.9,0.0
98,7,59.0,89.1,0.44
26,6,34.0,46.0,0.0
230,1,48.0,73.0,0.0
17,4,39.0,45.0,0.0
260,6,43.0,63.0,0.0
15,3,36.0,48.9,0.0
101,2,59.0,75.9,0.0
127,4,69.1,88.0,0.0
199,1,61.0,79.0,0.0
298,3,37.0,64.0,0.0
251,1,48.0,69.1,0.0
230,6,52.0,73.9,0.0
21,7,30.9,42.1,0.0
317,2,19.0,33.1,0.0
167,6,64.0,80.1,0.0
156,3,75.9,93.9,0.0
273,5,34.0,63.0,0.0
174,1,66.9,81.0,0.41
283,2,24.1,44.1,0.0
119,7,68.0,82.9,0.0
172,1,72.0,89.1,0.0
159,2,75.9,93.9,0.02
32,3,42.1,61.0,0.0
278,6,23.0,60.1,0.0
145,7,69.1,82.0,0.0
106,3,55.0,73.0,0.01
188,1,64.9,86.0,0.0
191,3,72.0,91.9,0.0
109,7,60.8,71.1,0.0
176,3,72.0,93.0,0.18
261,3,46.9,64.9,0.0
56,5,55.0,71.1,0.0
87,1,46.9,71.1,0.98
256,1,50.0,79.0,0.0
37,3,33.1,46.9,0.0
76,1,48.9,73.9,0.0
182,7,68.0,81.0,0.28
277,7,37.9,60.1,0.03
157,2,75.0,89.1,0.05
47,2,43.0,64.0,0.0
239,6,46.9,57.9,0.38
363,6,27.0,42.1,0.0
262,4,42.1,57.9,0.19
275,3,34.0,55.0,0.0
96,6,57.9,77.0,0.15
205,2,62.1,84.9,0.45
337,3,12.9,28.0,0.0
227,1,53.1,70.0,0.0
160,5,73.0,89.1,0.12
95,7,60.1,82.9,0.0
274,6,48.9,79.0,0.0
11,3,23.0,36.0,0.0
15,6,19.0,36.0,0.0
215,6,51.1,75.9,0.0
91,5,54.0,78.1,0.06
182,4,73.0,91.0,0.0
179,3,69.1,89.1,1.08
207,3,68.0,87.1,0.0
208,7,55.9,73.9,0.55
50,6,48.9,63.0,0.0
35,4,33.8,53.1,0.0
53,3,43.0,70.0,0.0
45,2,42.1,68.0,0.0
348,7,17.1,42.1,0.0
42,4,21.9,46.0,0.0
235,1,53.1,82.0,0.01
99,6,69.1,89.1,0.0
81,1,52.0,70.0,0.0
255,1,42.1,64.9,0.0
350,4,36.0,50.0,0.36
76,6,52.0,64.0,0.0
148,3,71.1,89.1,0.0
159,7,71.1,84.9,0.0
344,6,21.9,37.9,0.0
237,6,52.0,79.0,0.0
304,1,21.0,39.0,0.0
347,7,32.0,46.0,0.0
184,5,70.0,87.1,0.0
43,4,41.0,59.0,0.0
150,2,73.0,91.9,0.0
14,7,19.0,37.9,0.18
166,2,77.0,97.0,0.0
129,4,66.9,89.1,0.0
121,2,73.0,91.9,0.79
175,4,72.0,93.0,0.0
163,3,80.1,95.0,0.0
361,7,9.0,27.0,0.25
238,7,48.2,57.2,0.18
33,7,46.9,64.9,0.0
211,3,61.0,84.9,0.0
131,2,71.1,89.1,0.13
176,6,73.9,93.0,0.02
275,2,35.6,53.1,0.29
39,7,28.0,43.0,0.0
300,1,30.0,46.9,0.0
140,5,69.1,84.9,0.0
222,6,57.0,68.0,0.01
32,7,28.9,37.0,0.0
30,2,44.1,64.0,0.0
70,7,48.9,71.1,2.05
222,2,54.0,77.0,0.11
296,2,35.1,51.1,0.0
339,2,21.2,35.1,0.0
1,6,34.0,48.0,0.48
184,2,69.1,84.0,0.0
67,1,41.0,68.0,0.01
199,2,62.6,79.0,0.79
299,6,16.0,36.0,0.0
342,1,24.1,36.0,0.8
289,2,23.0,33.1,0.0
223,1,54.0,71.1,0.18
80,1,48.9,62.1,0.2
284,7,37.0,63.0,0.0
231,7,57.9,73.0,0.25
68,7,41.0,64.9,0.0
161,7,75.9,99.0,0.0
148,6,70.0,86.0,0.0
99,3,54.0,73.0,0.0
79,5,55.9,70.0,0.0
334,2,37.0,59.0,0.0
336,5,17.1,34.0,0.0
295,4,33.1,60.1,0.44
289,5,45.0,64.9,0.02
360,1,26.1,35.6,0.0
259,5,46.9,70.0,0.0
309,3,24.1,44.1,0.0
252,4,48.0,66.0,0.0
97,6,63.0,81.0,0.0
8,4,50.0,62.1,0.18
2,2,37.9,52.0,0.1
257,7,54.0,79.0,0.0
14,4,36.0,53.1,0.19
362,7,30.9,42.1,0.0
231,5,52.0,72.0,0.0
292,7,37.4,51.8,0.21
247,2,46.0,64.0,0.0
323,6,17.1,32.0,0.05
67,3,48.0,64.0,0.0
217,7,66.9,91.9,0.0
45,4,48.0,64.0,1.44
307,1,28.0,61.0,0.0
339,4,35.1,48.9,0.01
92,4,66.0,82.9,1.05
201,6,59.0,75.9,0.14
278,2,42.8,62.1,0.19
228,7,54.0,71.1,1.58
270,3,27.0,45.0,0.5
317,3,3.9,28.0,0.11
69,6,52.0,75.9,0.0
320,2,1.0,30.9,0.0
29,4,46.0,55.4,0.24
79,2,48.9,66.0,0.0
40,7,43.0,64.0,0.0
259,4,32.0,46.9,0.82
333,1,12.9,36.0,0.0
144,1,69.1,87.1,0.0
289,3,36.0,54.0,0.0
68,2,48.0,64.0,0.0
318,4,35.1,57.0,0.8
140,4,68.0,86.0,0.77
316,3,19.0,39.9,0.05
191,2,64.0,82.0,0.0
49,7,39.9,63.0,0.0
308,5,21.0,37.9,0.0
319,1,10.9,32.0,0.01
129,2,71.1,86.0,0.0
94,4,62.1,75.9,0.0
158,3,75.0,93.9,0.77
112,4,62.6,75.0,0.0
363,1,34.0,46.9,0.0
215,2,69.1,87.1,1.53
241,2,51.1,82.0,0.0
116,1,66.9,84.0,0.0
182,5,70.0,84.9,0.0
235,3,51.1,73.9,0.0
339,1,18.0,27.0,0.02
105,5,68.0,87.1,0.0
223,5,57.9,75.0,0.27
116,3,66.9,84.0,0.0
188,5,71.1,86.0,0.07
2,3,33.8,46.9,0.37
45,1,34.0,44.1,0.0
218,4,66.9,86.0,0.0
227,2,55.4,75.9,0.02
5,2,34.0,51.1,0.0
208,2,66.9,87.1,0.67
219,5,60.1,91.9,0.0
193,1,64.0,90.0,0.25
356,6,8.1,33.1,0.0
315,4,25.0,45.0,0.1
39,1,43.0,55.9,0.0
204,3,63.0,75.2,0.79
109,3,64.0,82.0,0.0
62,6,51.1,73.9,0.01
351,4,17.1,36.0,0.0
357,4,3.9,21.9,0.0
248,1,45.0,64.0,0.06
227,4,55.0,69.1,0.0
338,2,18.0,44.1,0.0
119,4,73.0,93.0,0.0
261,2,50.0,73.9,0.0
89,2,57.9,73.0,0.0
145,2,73.9,89.1,0.0
267,3,41.0,64.9,0.99
65,2,51.1,64.0,0.0
132,5,69.1,84.0,0.07
224,7,57.0,78.1,0.0
173,6,70.0,84.9,0.0
110,2,64.0,84.0,0.0
44,5,48.0,64.0,0.0
265,5,42.1,59.0,0.0
61,2,46.9,60.1,0.76
10,1,30.0,36.0,0.0
335,6,21.0,37.0,0.07
195,1,63.0,86.0,0.0
108,1,55.0,71.1,0.19
177,3,71.1,88.0,0.0
341,2,24.1,37.9,0.03
263,1,44.1,64.9,0.0
238,5,52.0,75.9,0.0
206,1,63.0,84.9,0.0
280,4,26.1,37.9,0.0
210,5,53.1,69.1,0.0
111,5,63.0,84.0,0.0
145,6,66.0,82.9,0.0
337,6,28.9,44.1,0.0
255,4,51.1,69.1,0.0
247,5,46.9,60.1,0.0
331,3,14.0,33.1,0.26
177,2,69.1,91.9,0.0
186,1,60.1,73.9,1.32
90,6,50.0,57.9,0.13
265,1,33.1,50.0,0.07
88,1,48.9,63.0,0.02
240,3,54.0,82.0,0.0
212,2,57.0,79.0,0.0
37,2,44.1,64.0,0.61
7,5,50.0,72.0,1.46
179,1,69.1,84.9,0.0
252,5,42.1,66.9,0.1
343,7,21.9,30.0,0.16
180,2,69.1,86.0,0.0
38,1,28.9,55.0,0.0
56,4,55.0,69.1,0.0
361,3,12.9,37.9,0.0
326,7,21.9,33.1,0.0
134,4,75.9,89.1,0.0
136,1,66.0,82.9,0.0
352,3,19.0,39.0,0.39
152,6,70.0,86.0,0.0
218,3,66.0,87.1,0.0
10,4,23.0,42.1,0.0
190,6,68.0,84.9,0.0
120,3,75.9,93.0,0.0
352,2,35.1,54.0,0.02
105,4,57.9,73.0,0.41
98,4,54.0,73.0,0.0
118,6,75.0,93.0,0.0
229,6,54.0,75.0,0.03
242,3,45.0,62.1,0.73
90,5,60.1,68.0,0.0
164,2,78.1,95.0,0.0
134,6,75.0,89.1,0.0
201,7,71.1,88.0,0.0
326,3,27.0,41.0,0.06
197,3,64.0,88.0,0.0
21,4,32.0,45.0,2.26
133,4,64.9,84.0,0.0
276,4,39.0,53.1,0.0
59,4,44.1,72.0,0.0
307,5,19.0,33.1,0.01
170,3,71.1,84.9,0.0
7,7,39.9,48.9,0.01
12,7,36.0,57.0,0.01
223,6,53.1,75.0,0.0
334,6,18.0,39.0,0.0
174,5,70.0,88.0,0.0
187,7,62.1,80.1,0.0
164,4,71.1,88.0,0.0
162,4,71.1,91.9,0.0
28,7,43.0,53.1,0.0
241,4,48.9,55.0,0.07
267,4,39.9,57.0,0.16
61,6,45.0,57.9,0.0
258,1,45.0,73.9,0.0
20,6,48.9,61.0,0.0
282,5,44.1,71.1,0.0
34,6,41.0,64.9,0.0
151,1,73.0,90.0,0.0
119,5,75.0,93.0,0.0
312,7,34.0,55.0,0.11
271,6,39.2,51.1,0.09
247,3,48.9,72.0,0.0
160,6,71.1,84.9,0.0
155,4,75.9,95.0,0.0
323,4,21.9,39.0,0.0
317,5,28.9,41.0,0.0
35,5,39.9,60.1,0.0
206,4,55.0,87.1,0.01
165,3,75.9,97.0,0.12
24,4,41.0,46.9,0.41
220,4,60.1,90.0,0.02
243,7,48.0,69.1,0.0
200,3,59.0,81.0,0.0
143,4,75.0,89.1,0.01
336,7,30.0,42.1,0.0
211,6,62.1,73.9,0.0
46,3,48.2,60.1,0.17
258,6,46.9,71.1,0.08
313,7,3.0,28.9,0.01
209,1,66.0,82.9,0.27
327,2,30.2,39.9,0.0
16,3,55.0,64.4,0.39
26,2,39.9,51.1,0.16
152,2,71.1,82.9,0.57
19,2,30.0,48.0,0.48
305,7,10.0,37.9,0.0
292,2,41.0,64.0,0.02
193,3,66.0,89.1,0.0
268,3,39.0,60.1,0.01
271,7,46.9,63.0,0.04
358,4,15.1,25.0,0.05
261,5,42.1,61.0,0.0
126,7,75.9,91.0,0.0
279,5,23.0,42.1,0.0
51,5,44.1,63.0,0.02
310,3,6.1,37.9,0.0
105,7,64.0,78.1,0.0
225,3,53.1,77.0,0.0
343,5,25.0,39.0,0.0
197,4,64.0,79.0,0.34
87,4,55.0,71.1,0.0
237,5,51.1,68.0,0.32
345,3,34.0,42.1,0.0
360,2,28.9,57.0,0.13
284,1,28.9,48.0,0.01
73,2,37.0,53.1,0.0
309,4,6.1,37.9,0.0
106,6,63.0,75.0,0.0
88,7,57.0,71.1,0.07
122,4,72.0,90.0,0.0
9,5,33.1,50.0,0.0
71,3,44.1,68.0,0.0
63,4,53.1,72.0,0.0
18,7,32.0,44.1,0.0
236,7,53.1,79.0,0.0
314,5,28.0,50.0,0.25
307,6,19.0,32.0,0.0
290,4,44.1,64.9,0.0
23,5,41.0,46.9,0.06
213,1,57.0,77.0,0.01
31,1,28.9,53.1,0.0
270,1,43.0,62.1,0.0
210,7,63.0,82.9,0.02
274,4,34.0,51.1,0.14
220,1,55.9,81.0,0.02
219,2,55.9,87.1,0.0
267,6,44.1,60.1,0.15
79,3,55.9,75.9,0.0
187,2,69.1,86.0,0.0
255,2,45.0,61.0,0.0
342,6,28.0,39.0,0.0
13,6,43.0,59.0,0.88
345,5,28.0,37.9,0.0
303,5,27.0,36.0,0.0
338,5,28.9,48.0,0.0
61,7,43.0,60.1,0.0
353,2,19.0,37.9,0.0
340,3,30.0,48.9,0.0
257,6,35.1,46.9,0.0
120,4,75.0,88.0,0.0
34,5,34.0,51.1,1.07
121,3,75.9,91.9,0.0
37,5,37.0,50.0,0.0
13,5,37.9,53.1,0.03
152,7,73.9,91.0,0.0
127,3,68.0,86.0,0.0
213,4,68.0,84.0,0.0
180,7,66.9,81.0,0.0
311,2,16.0,42.1,0.11
352,5,24.1,39.0,0.0
101,4,71.1,84.9,0.0
239,3,50.0,68.0,0.0
153,5,64.9,82.9,0.0
169,4,71.1,81.0,0.95
111,1,75.9,91.0,0.0
53,1,48.0,72.0,0.0
164,1,66.9,77.0,0.0
256,7,35.1,64.9,0.0
221,7,57.0,68.0,1.09
131,7,70.0,86.0,0.0
129,1,64.9,80.1,0.0
3,4,37.9,62.1,0.0
299,2,33.1,61.0,0.0
154,5,75.0,95.0,0.0
76,5,64.9,78.1,0.72
329,7,32.0,44.1,0.05
22,4,39.0,53.1,0.0
25,1,39.9,53.1,0.0
25,3,39.9,51.1,0.02
349,1,30.2,46.9,0.02
211,4,50.0,69.1,0.24
315,7,25.0,62.1,0.0
62,5,50.0,72.0,0.0
168,7,77.0,91.9,0.0
100,3,59.0,73.0,0.0
95,3,57.0,75.9,0.15
297,4,41.0,75.0,0.0
123,7,64.0,79.0,0.0
236,6,52.0,63.0,0.09
349,5,37.0,41.0,0.0
147,7,72.0,91.0,0.0
312,1,14.0,42.1,0.71
254,5,50.0,70.0,0.0
116,7,73.0,91.0,0.0
6,1,39.9,51.1,0.51
264,2,33.1,61.0,0.0
253,6,50.0,78.1,0.0
96,2,57.0,73.0,0.0
91,7,57.2,64.0,0.39
233,5,53.1,78.1,0.0
3,1,42.1,55.0,0.0
286,1,33.1,46.9,0.0
248,4,46.4,57.9,0.11
216,1,73.0,91.9,0.0
191,5,66.9,86.0,0.0
84,4,64.0,73.0,0.06
42,5,45.0,64.0,0.0
82,7,52.0,78.1,0.5
82,2,50.0,66.9,0.32
322,4,14.0,26.1,0.0
221,1,50.0,81.0,0.0
86,5,55.0,75.0,0.0
27,1,41.0,50.0,0.0
311,4,35.6,55.4,0.3
54,7,57.0,75.0,0.0
120,6,68.0,82.9,0.31
109,1,68.0,79.0,0.22
80,4,48.9,69.1,0.0
126,5,68.0,82.9,0.0
54,6,45.0,59.0,0.21
36,6,41.0,55.9,0.02
124,7,66.0,84.9,0.0
205,3,62.1,84.9,0.05
74,3,66.0,82.9,0.0
354,7,27.0,55.0,0.22
11,7,30.0,37.9,0.0
355,7,17.1,33.1,0.06
86,3,52.0,73.0,0.0
148,4,70.0,91.0,0.0
193,7,62.1,75.9,0.0
57,4,51.1,73.0,0.0
314,1,39.9,62.1,0.0
60,1,43.0,64.9,0.0
310,2,33.1,54.0,0.0
328,5,21.9,34.0,0.44
48,6,51.1,60.1,0.01
290,2,36.0,51.1,0.0
41,1,37.0,62.1,0.52
9,3,55.0,62.6,0.0
183,6,70.0,87.1,0.0
272,1,35.1,61.0,0.24
190,3,66.9,82.0,0.0
158,1,71.1,89.1,0.0
113,3,64.0,77.0,0.0
22,3,25.0,45.0,0.45
55,6,57.0,75.0,0.0
209,5,62.1,81.0,0.4
0,7,34.0,45.0,0.0
83,6,60.1,78.1,0.0
346,1,25.0,39.0,0.15
80,2,53.1,75.9,0.0
324,3,26.1,39.0,0.04
104,5,59.0,75.0,0.0
13,1,26.1,61.0,0.56
360,4,12.9,43.0,0.0
103,6,55.0,75.0,0.0
172,3,69.1,84.0,0.0
48,1,39.9,64.0,0.0
100,5,70.0,86.0,0.0
293,1,41.0,64.0,0.0
170,2,71.1,84.9,0.41
325,4,27.0,39.9,0.01
126,4,71.1,89.1,0.0
41,5,21.9,46.0,0.0
66,4,41.0,55.0,0.0
130,3,66.9,84.0,0.0
284,3,37.0,55.0,0.07
295,3,37.0,64.9,0.0
161,4,72.0,89.1,0.0
217,4,54.0,86.0,0.0
41,6,53.1,64.4,1.16
198,5,66.0,87.1,0.12
97,1,57.9,72.0,0.2
23,3,41.0,55.0,0.0
313,6,33.8,46.9,0.02
319,7,30.2,39.0,0.25
90,1,57.2,64.4,0.0
326,1,26.1,36.0,0.01
32,1,37.9,46.9,0.03
81,3,48.9,64.9,0.0
364,5,27.0,39.0,0.0
245,5,46.9,75.9,0.0
231,4,51.1,71.1,0.0
332,1,30.0,55.0,0.0
185,1,69.1,87.1,0.0
194,7,64.0,84.9,0.0
178,1,64.9,87.1,0.0
144,3,75.0,89.1,0.0
236,2,48.9,73.9,0.08
359,3,17.6,28.9,0.0
39,3,39.0,43.0,0.0
330,4,14.0,39.9,0.0
81,7,51.8,62.1,0.13
202,5,59.0,75.9,0.01
172,7,70.0,86.0,0.0
26,7,43.0,52.0,0.0
210,4,62.1,84.9,0.06
64,6,42.1,57.9,1.32
189,4,69.1,84.0,0.0
146,6,69.1,82.0,0.0
52,4,46.9,70.0,0.0
5,7,50.0,64.0,0.03
276,1,41.0,55.0,1.97
97,5,57.9,70.0,0.02
331,5,42.1,57.9,0.69
95,1,55.9,70.0,0.0
17,2,51.1,62.1,0.0
36,4,33.1,48.9,0.0
115,4,71.6,86.0,0.01
130,1,70.0,84.0,0.0
177,5,77.0,96.1,0.0
149,5,68.0,84.0,0.0
2,5,34.0,48.0,0.0
143,2,70.0,84.0,0.0
192,1,64.0,77.0,0.0
128,3,73.0,88.0,0.0
103,7,69.1,84.9,0.0
234,1,55.0,82.0,0.93
130,7,66.9,75.9,0.04
242,7,54.0,69.1,0.0
263,7,48.9,73.9,0.0
167,1,77.0,93.0,0.0
187,6,68.0,86.0,0.0
17,1,35.1,45.0,0.0
303,3,24.1,37.9,0.0
151,7,64.9,86.0,0.34
285,6,39.0,53.1,0.0
123,3,72.0,91.0,0.0
233,2,62.1,82.0,0.02
125,5,70.0,89.1,0.0
207,7,61.0,82.0,0.0
295,6,54.0,78.1,0.04
69,5,51.1,59.0,1.0
189,7,64.9,84.9,0.0
85,6,59.0,77.0,0.0
354,1,17.1,37.0,0.0
213,2,54.0,86.0,1.69
212,3,50.0,57.9,0.47
28,5,46.9,57.2,0.1
181,6,66.9,81.0,0.0
77,7,48.9,66.0,0.0
24,2,39.9,55.0,0.0
33,6,30.9,37.9,0.01
85,3,51.1,72.0,0.0
64,4,46.0,70.0,0.0
306,2,39.0,61.0,0.0
349,6,25.0,42.1,0.0
270,7,39.0,54.0,0.17
38,2,36.0,55.9,0.0
78,3,53.1,75.9,0.03
30,5,50.0,61.0,1.01
169,3,72.0,88.0,0.57
363,5,25.0,33.1,0.01
6,6,54.0,72.0,0.01
36,3,48.9,66.9,0.0
59,1,42.1,48.0,0.17
331,2,30.0,55.0,0.27
348,6,33.1,46.0,0.0
50,3,42.1,64.0,0.0
184,3,64.0,82.0,0.0
225,4,55.0,82.0,0.0
203,5,66.0,91.9,0.0
186,3,69.1,84.0,0.54
175,5,68.0,89.1,0.09
252,7,61.0,78.1,0.14
167,5,68.0,82.9,0.0
123,1,70.0,90.0,0.0
353,1,34.0,55.9,0.45
290,1,30.0,57.9,0.0
237,1,48.9,64.9,0.07
127,6,73.0,91.0,0.01
29,3,35.1,46.0,0.05
100,2,61.0,77.0,0.0
57,3,41.0,69.1,0.0
141,4,71.1,84.9,0.51
288,4,28.9,37.9,0.01
162,6,75.0,98.1,0.0
162,3,66.9,87.1,0.0
316,6,25.0,37.4,0.0
66,1,52.0,68.0,0.0
287,7,37.0,57.0,0.0
228,1,57.0,82.9,0.28
264,6,42.1,73.9,0.0
221,3,55.9,77.0,0.26
325,2,25.9,35.6,0.03
272,6,39.0,63.0,0.0
305,3,39.9,61.0,0.07
72,3,37.0,71.1,0.0
171,2,73.0,89.1,0.0
335,5,14.0,28.9,0.0
292,6,19.0,44.1,0.0
214,3,69.1,86.0,0.0
332,2,19.9,36.0,0.84
166,6,68.0,82.9,0.0
282,3,24.1,44.1,0.0
262,1,48.9,73.9,0.0
347,3,18.0,33.1,0.0
328,6,12.0,39.9,0.0
96,7,60.8,70.0,0.0
59,2,53.1,64.9,0.0
358,3,3.9,36.0,0.24
209,6,54.0,68.0,0.0
142,5,75.9,97.0,0.05
33,2,42.1,53.1,0.0
329,4,25.0,36.0,0.74
146,1,73.9,91.0,0.0
204,6,55.9,78.1,0.0
300,6,15.1,41.0,0.38
107,5,63.0,91.9,0.37
135,2,64.0,82.9,0.01
174,6,68.0,84.0,0.29
173,7,72.0,86.0,0.0
251,5,43.0,62.1,0.0
312,3,36.0,53.1,0.0
133,7,75.0,89.1,0.02
330,6,32.0,57.9,0.31
75,2,55.0,82.9,0.0
333,7,26.1,44.1,0.0
249,3,50.0,68.0,0.19
20,5,30.2,37.0,0.02
353,4,24.1,45.0,0.0
168,4,68.0,88.0,0.93
140,7,75.9,98.1,0.07
102,1,69.1,80.1,0.0
155,3,64.9,84.0,0.0
88,3,62.1,73.0,0.0
228,3,44.1,68.0,0.0
49,5,50.0,60.1,0.23
241,1,54.0,69.1,0.03
301,5,21.2,44.1,0.46
122,2,72.0,91.9,0.08
362,2,21.0,46.9,0.0
89,7,48.2,55.0,1.45
29,6,43.0,57.0,0.05
14,5,48.0,59.0,0.05
250,6,43.0,60.1,0.0
355,6,23.0,34.0,0.0
364,7,34.0,43.0,0.0
348,2,24.1,44.1,0.05
31,2,33.8,46.0,0.0
114,2,64.9,80.1,0.0
154,7,71.1,84.9,0.13
65,5,41.0,57.0,0.0
232,4,57.9,87.1,0.0
73,1,48.0,70.0,0.0
160,1,75.9,99.0,0.0
83,1,54.0,69.1,0.3
224,4,57.0,77.0,0.0
310,5,36.0,61.0,1.48
253,4,50.0,66.9,0.07
235,7,52.0,82.0,0.02
125,1,73.9,89.1,0.0
132,6,71.1,87.1,0.32
86,2,46.9,71.1,0.0
195,5,68.0,88.0,0.0
258,5,32.0,46.9,0.05
351,3,35.1,50.0,0.02
47,7,45.0,59.0,0.0
110,6,63.0,84.0,0.0
361,1,30.9,57.0,0.85
104,6,70.0,87.1,0.0
203,4,61.0,75.0,0.04
124,6,64.0,80.1,0.0
93,5,60.1,71.1,0.0
294,7,41.0,66.0,0.0
151,3,71.1,80.1,0.0
202,6,71.1,91.9,0.0
82,6,54.0,69.1,0.0
137,7,63.0,79.0,0.0
280,5,32.0,57.0,0.05
205,5,55.0,73.9,0.44
346,4,18.0,37.9,0.0
92,3,64.4,73.9,0.0
101,1,57.9,77.0,0.21
131,6,64.0,81.0,1.2
137,1,73.9,91.9,0.0
44,2,35.1,53.1,0.51
163,2,66.9,84.0,0.0
150,1,64.9,75.9,0.12
336,4,12.9,23.0,0.05
128,2,64.9,86.0,0.0
42,7,48.0,66.9,0.0
322,7,10.9,27.0,0.0
273,7,48.9,79.0,0.01
226,5,55.0,71.1,0.0
67,7,51.1,68.0,0.0
58,5,55.9,75.0,0.0
4,7,39.9,55.0,0.0
50,4,50.0,59.0,0.5
263,3,44.1,61.0,0.04
239,4,59.0,81.0,0.0
12,6,33.1,43.0,0.0
288,3,23.0,41.0,0.0
203,7,59.0,90.0,0.0
315,5,15.1,30.9,0.0
244,6,46.9,64.0,0.0
232,3,59.0,82.0,0.0
4,3,34.0,62.1,0.0
202,1,64.0,90.0,0.1
190,4,69.1,91.9,0.07
278,7,33.1,46.0,0.28
0,4,27.0,35.1,0.0
138,6,63.0,79.0,0.0
102,7,55.0,73.9,0.0
166,7,68.0,86.0,0.0
124,2,73.9,91.0,0.0
134,3,64.0,81.0,0.0
262,2,44.1,64.9,0.0
288,6,45.0,64.0,0.04
350,7,34.0,52.0,0.24
327,7,12.0,36.0,0.0
64,3,51.1,72.0,0.0
260,3,44.6,61.0,0.1
171,1,71.1,86.0,0.0
305,1,15.1,30.0,0.0
344,4,25.0,39.9,0.0
24,1,34.0,48.9,1.14
122,1,66.9,91.9,0.0
8,3,42.8,46.4,0.17
327,6,21.9,33.1,0.0
72,5,63.0,86.0,0.0
114,5,72.0,88.0,0.0
11,1,36.0,44.1,0.0
47,6,36.0,48.0,0.2
293,5,19.0,54.0,0.35
1,4,34.0,48.0,0.13
75,7,48.0,64.0,0.0
283,4,50.0,71.1,0.0
149,3,69.8,91.0,0.3
185,4,70.0,87.1,0.07
40,2,37.0,44.1,0.34
113,6,73.0,93.0,0.0
229,7,55.9,75.0,0.01
212,5,62.1,82.9,0.0
273,4,39.0,59.0,0.0
192,4,66.9,89.1,0.0
18,3,35.1,48.0,0.08
153,6,73.9,91.0,1.62
136,4,78.1,91.0,0.13
12,2,25.0,39.9,0.01
74,1,39.0,55.0,0.0
176,4,75.0,89.1,0.0
338,3,19.9,30.0,0.45
